﻿filename;brand;model;score;sentiment;content
Xiaomi_Mi9_0.900_P_1.txt;Xiaomi;Mi9;0.900;P;"Elegancki, nierzucający się w oczy - szczególnie przy nietransparentnym etui. Rozmiar i masa trochę przytłaczają w pierwszym kontakcie, ale w tej klasie dużych telefonów trudno mieć o to zastrzeżenia (można wybrać mniejsze/lżejsze modele). Działa bardzo sprawnie i szybko. Czytnik linii papilarnych sprawuje się bardzo dobrze. Jeżeli nie oczekuje się od aparatu poziomu lustrzanki - trudno mieć zastrzeżenia. Bardzo dobry ekran o żywych kolorach i dobrej jasności. Strony wyświetlają się natychmiast. Podobnie jak szybko uruchamiane są aplikacje. Zestawowa ładowarka szybko ładuje. Brakuje dwóch głośników stereo. Bateria jest przyzwoita, chociaż mogłaby być bardziej pojemna. Korzystanie z telefonu bez mocnego etui - tylko dla odważnych, jest zbyt śliski, za duży i ciężki, aby ""przeżył"" lądowanie na ziemi. Telefon dla osób, które dużo korzystają z Internetu i aplikacji (duży ekran), robią sporo zdjęć i są gotowe wydać 2 tys. zł na bardzo dobry telefon dla siebie, a nie pokazówkę dla otoczenia, który będą używać przez 4-5 lat. Z uwagi na rozmiar świetnie sprawuje się ze słuchawką douszną - nie trzeba za każdym razem wyciągać go z kieszeni/torby, zwłaszcza w nieprzyjaznym, betonowym otoczeniu. Jeżeli głównie dzwonisz i sporadycznie korzystasz z przeglądarki i aplikacji, najlepiej wybrać 5"" średnią półkę - będzie optymalnym wyborem."
Xiaomi_Mi9_1.000_P_2.txt;Xiaomi;Mi9;1.000;P;Bardzo dobry telefon. Po dwóch tygodniach użytkowania jestem bardzo zadowolona, na intensywnym użytkowaniu bateria wprawdzie szybko leci w dół, ale ładowanie jest naprawdę ultraszybkie, więc nie odczuwam dyskomfortu z tego tytułu. Zdjęcia robi bardzo dobre w świetle dziennym, trochę gorsze w pomieszczeniach, ale ich jakość jest znośna. Odblokowanie przyciskiem palca działa poprawnie, chociaż czasem przy niedokładnym lub krzywym przyłożeniu nie odblokuje ekranu. Telefon poza tym śmiga jak Lewis Hamilton w Formule 1, nie zacina się, potrzebuje trochę czasu na wczytanie danych po włączeniu. Polecam, świetna cenowo i jakościowo alternatywa dla flagowca Samsunga!
Xiaomi_Mi9_1.000_P_3.txt;Xiaomi;Mi9;1.000;P;Intensywnie analizowałem telefony dostępne aktualnie na rynku w przedziale 2000-4500 PLN. Mi akurat zależało na dual Simie, aparacie i szybkości działania - byłem bliski kupienia iPhona no i nie mówię że popełniłbym błąd, ale straciłbym okazję zapoznania się z firmą Xiaomi a przyznam że zaskoczyli mnie. Telefon wizualnie budzi zainteresowanie bo mieni się jak tęcza, zdjęcie mi odpowiadają bardzo, działa szybko. Akurat kontrast u mnie jest silny bo działałem na S A5 więc zupełna zmiana technologii. Niemniej polecam bo warto w tej kasie no niema co ukrywać...
Xiaomi_Mi9_0.800_P_4.txt;Xiaomi;Mi9;0.800;P;Telefon fajny. Przesiadłem się z Xiaomi Redmi note 5 i mogę powiedzieć po dwóch dniach, że nie opłaca się przesiadać :). Dlaczego? Telefon jak telefon. Gdy skonfigurowałem Mi9 pierwsza niedogodność to odblokowanie odciskiem palca. Note 5 przykładami i odblokowuje i Mi9 z dziesięć razy trzeba klikać.  Gdy chciałem przenieść dane funkcją przenieś dane Note 5 szybko był gotowy do przenoszenia a Mi9 nie mógł się połączyć. Po połączeniu, gdy transfer danych był w trakcie - Mi9 zawieszał się. Po zwisie nie dało się go sparować pomagał restart Mi9. Po podłączeniu do ładowarki jednego i drugiego (ta sama mocna ładowarka z trzema USB i kablem 3A ładuje Note 5 z natężeniem 1,9 A a Mi9 1,4 A co daje 7W ma ponoć ma mieć 15W. Po dniu użytkowania Mi9 rozładowany a Note 5 po trzech dniach jeszcze ma 20% baterii. Tak, że jeżeli chcesz mieć telefon do pracy a masz Note 5 kupić za 600 zł lub Mi9 za 2k. Kup z czystym sumieniem Note 5 :). Co nie zmienia faktu, że Mi9 jest bardzo szybki, ładny i ma dużo pamięci.
Xiaomi_Mi9_0.800_P_5.txt;Xiaomi;Mi9;0.800;P;Nie wiem czy to kwestia nowego androida (przesiadka z 6 chyba) czy nakładki producenta (poprzednio miałem honora), ale odnalezienie czegoś w ustawieniach to istna męczarnia. Niektórych opcji jak np. automatyczne włączanie/wyłączanie WI-FI na podstawie lokalizacji w ogóle nie udało mi się odnaleźć. Dogrzebanie się do 'always on display' też jest mega nieintuicyjne.  Czytnik odcisków palca działa nieźle na kciuk (jeżeli ekran ani palec nie jest mokry ani brudny - 95% skuteczności mniej więcej), ale w przypadku palca wskazującego to takie 50/50. Nie mam wcale małych palców, ciekawe jak sobie z tym radzą kobiety...  Czas pracy na baterii - zależy. Podczas wyjazdu, gdzie dużo używałem aparatu, bateria leciała bardzo szybko. Przy użytkowaniu codziennym może wytrzymać nawet 2 dni (bez grania). Aparat niezły, aplikacja przy edycji filmów w slow-motion trochę wariuje.  W recenzjach mówiono, że na always on display nie pojawiają się powiadomienia inne niż sms i telefon - dodali już messengera, pojawia się też mail (nie aplikacja gmail, bo to nie pokazuje żadnych powiadomień), kalendarz. Na inne nie zwróciłem uwagi - to na +. Dioda powiadomień właściwie niewidoczna ale always on display to nadrabia.  Jeżeli wsadziliby tam baterię 4000mAh i ogarnęli ustawienia, to byłoby 5/5, a tak to tylko 4.
Xiaomi_Mi9_1.000_P_6.txt;Xiaomi;Mi9;1.000;P;Jestem bardzo zadowolona. Na Xiaomi namówili mnie moi najbliżsi, którzy również maja smartfony tej firmy i SUPER!! W domu jestem królową, bo mam najlepszy sprzęt. Jest to głównie  moje narzędzie pracy jak i rozrywki. Jestem zachwycona jakością zdjęć - fantastyczne :D. Uwielbiam robić zdjęcia i 3 aparaty to dla mnie raj. Jest efekt wow :D. Poza tym rewelacyjna cena za takiej jakości sprzęt. Wizualnie prezentuje się na bogato :). Bateria też spełnia moje oczekiwania. Zauważyłam większy pobór energii przy użyciu GPS, ale to większość smartfonów tak reaguje. Należy zachować się do instrukcji ładowania i myślę, że bateryjka posłuży na długo (tj. nie pozwolić spaść do poniżej 20% i nie ładować do 100% tylko w granicach 85%).  Od zawsze miałam wysokiej jakości sprzęty i tym razem też taki mam. Yupi!
Xiaomi_Mi9_1.000_P_7.txt;Xiaomi;Mi9;1.000;P;Po dwóch tygodniach używania stwierdzam, że to udany zakup. Dual-band GPS (L1-L5/E1-E5 i inne) działa, jego dokładność praktyczna w bardzo dobrych warunkach wynosi ok. 1-2 m, choć testowana w aplikacji GPSTest (autor: Sean Barbeau) nie jest wyraźnie wyższa, niż nowych smartfonach z chipsetem GPS obsługującym wyłącznie L1/E1. Dokładność powinna wzrosnąć, gdy będzie większa liczba satelitów obsługujących L5/E5/inne.
Xiaomi_Mi9_1.000_P_8.txt;Xiaomi;Mi9;1.000;P;Jak dla mnie telefon idealny, w tej cenie nie ma sobie równych. Jest piekielnie szybki i w dziennym świetle robi świetne zdjęcia. Niektórzy jako wady podają brak złącza słuchawkowego i to że nie jest wodoodporny ale akurat mi to wcale nie przeszkadza. Jedyne do czego mógłbym się przyczepić to bardzo wystający aparat, który nie jest zakrywany w całości nawet fabrycznym pokrowcem.
Xiaomi_Mi9_1.000_P_9.txt;Xiaomi;Mi9;1.000;P;Jestem po ponad tygodniu użytkowania - śmiga. Świetny procek. Odblokowywanie za pomocą twarzy działa bardzo dobrze. Odblokowanie palcem - ujdzie. Mam problemy z płaceniem NFC, ale może jeszcze coś źle dokonfigurowałem. Telefon duży i dosyć ciężki. Minus - wystająca dosyć mocno kamera. Mam kupiony dosyć pancerny case, a i tak kamera wystaje. All in all - za te pieniądze - rewelacja.
Xiaomi_Mi9_0.900_P_10.txt;Xiaomi;Mi9;0.900;P;Bateria trochę mała, ale po całym dniu korzystania z tego telefonu zostaje ok. 60-50%, co nie jest takim złym wynikiem. Na szczęście producent dorzucił ładowarkę quick charge. Telefon jak najbardziej polecam. Jest BARDZO szybki, aparat zaskoczył mnie jakością, Na pewno będzie mi służył co najmniej 2 lata, ale pewnie dłużej. #xiaomi _lepsze
Xiaomi_Mi9_1.000_P_11.txt;Xiaomi;Mi9;1.000;P;Ferrari w cenie skody:)
Xiaomi_Mi9_0.900_P_12.txt;Xiaomi;Mi9;0.900;P;za krótki czas użytkowania ale pierwsze wrażenie całkiem pozytywne .
Xiaomi_Mi9_1.000_P_13.txt;Xiaomi;Mi9;1.000;P;Telefon petarda miażdży iPhona X itp. cena do jakości rewelacja .
Xiaomi_Mi9_1.000_P_14.txt;Xiaomi;Mi9;1.000;P;W tej cenie, magia. Jedynie czytnik w ekranie nie zawsze łapie
Xiaomi_Mi9_0.700_P_15.txt;Xiaomi;Mi9;0.700;P;w opisie ma być ładowarka bezprzewodowa a nie jest Ito nie fer
Xiaomi_Mi9_1.000_P_16.txt;Xiaomi;Mi9;1.000;P;Rewelacja. Szybki, zero zacięć, 50 % ceny Samsunga S10+!!!
Xiaomi_Mi9_0.800_P_17.txt;Xiaomi;Mi9;0.800;P;Wszystko działa jak powinno tylko bateria słabo trzyma.
Xiaomi_Mi9_1.000_P_18.txt;Xiaomi;Mi9;1.000;P;Telefon sprostał moim oczekiwaniom. Jestem zadowolony.
Xiaomi_Mi9_1.000_P_19.txt;Xiaomi;Mi9;1.000;P;Solidne wykonanie bardzo dobre podzespoły. Polecam
Xiaomi_Mi9_1.000_P_20.txt;Xiaomi;Mi9;1.000;P;Duży ekran, piękne zdjęcia robi. Jestem zadowolona
Xiaomi_Mi9_1.000_P_21.txt;Xiaomi;Mi9;1.000;P;Działa w przeciwieństwie do starego telefonu 🙂
Xiaomi_Mi9_1.000_P_22.txt;Xiaomi;Mi9;1.000;P;Telefon szybki z dobrą bateria godny polecenia
Xiaomi_Mi9_1.000_P_23.txt;Xiaomi;Mi9;1.000;P;Po dniu użytkowanie stawierdzam że super :)
Xiaomi_Mi9_1.000_P_24.txt;Xiaomi;Mi9;1.000;P;Stosunek ceny do jakości to istna poezja.
Xiaomi_Mi9_1.000_P_25.txt;Xiaomi;Mi9;1.000;P;Wszystko na najwyższym poziomie polecam
Xiaomi_Mi9_1.000_P_26.txt;Xiaomi;Mi9;1.000;P;Wersja europejska , wszystko sprawne
Xiaomi_Mi9_1.000_P_27.txt;Xiaomi;Mi9;1.000;P;Jak na razie bardzo jestem zadowolony
Xiaomi_Mi9_1.000_P_28.txt;Xiaomi;Mi9;1.000;P;Super aparat, mega obudowa telefonu.
Xiaomi_Mi9_1.000_P_29.txt;Xiaomi;Mi9;1.000;P;Świetny telefon w dobrej cenie :)
Xiaomi_Mi9_1.000_P_30.txt;Xiaomi;Mi9;1.000;P;Produkt spełnił moje oczekiwania.
Xiaomi_Mi9_1.000_P_31.txt;Xiaomi;Mi9;1.000;P;wszystko ok. Zona zadowolona!!!
Xiaomi_Mi9_1.000_P_32.txt;Xiaomi;Mi9;1.000;P;Zgodne z opisem godne polecenia
Xiaomi_Mi9_1.000_P_33.txt;Xiaomi;Mi9;1.000;P;Telefon spełnia moje wymagania.
Xiaomi_Mi9_1.000_P_34.txt;Xiaomi;Mi9;1.000;P;Smartfon bardzo ładnie się prezentuje. Za tą cenę trudno znaleźć bardziej kompletny telefon. Początkowo sprawiał wrażenie za dużego jednak szybko można było do niego przywyknąć. Wbrew panującej opinii jestem zadowolony z czasu działania na baterii. Można bez problemu wyciągnąć 5,5 godziny działania na ekranie, gdzie w poprzednim telefonie 3,5 to było absolutne maximum
Xiaomi_Mi9_1.000_P_35.txt;Xiaomi;Mi9;1.000;P;Super telefon w dobrej cenie
Xiaomi_Mi9_1.000_P_36.txt;Xiaomi;Mi9;1.000;P;Super sprzęt za dobrą cenę.
Xiaomi_Mi9_1.000_P_37.txt;Xiaomi;Mi9;1.000;P;Krótko i na temat SUPER.
Xiaomi_Mi9_1.000_P_38.txt;Xiaomi;Mi9;1.000;P;Dla mnie wszystko ok
Xiaomi_Mi9_0.200_N_39.txt;Xiaomi;Mi9;0.200;N;Sam telefon bardzo fajny. Natomiast jest poważna wada!!! Posiadam  już taki sam model z dystrybucji od firmy x-com. O aktualizuje się on do najnowszego softu czyli do miui 11 na tą chwilę. Natomiast telefon kupiony w tym sklepie niestety ma soft miui 10 na rynek czeski.. i niechce się zaktualizować do miui 11 . A żeby to zrobić to trzeba telefon flashowac co jest ciężkie. Także błąd zrobiłem bo trzeba było zapłacić troche więcej ok 50 i mieć telefon z  normalnymi aktualizacjami
Xiaomi_Mi9_0.600_P_40.txt;Xiaomi;Mi9;0.600;P;"Telefon oceniam na 3 w 5 stopniowej skali, gdyby nie cena to było by 2/5... W kieszeni wariuje, mimo zablokowania potrafi notorycznie wybierać nr alarmowe i telefon kilkadziesiąt razy już mi się zblokował na 1 min. Czytnik linii papilarnych pod ekranem niby działa ok, ale wystarczy większe naświetlenie, pełne słońce i robi się mało ciekawie. Rozpoznawanie twarzy działa dobrze w dobrym oświetleniu, wystarczą okulary przeciwsłoneczne lub półmrok i rozpoznawanie twarzy nie podoła. Aparaty dają rade, w pewnych sytuacjach jest lepiej niż na iPhone XS, a w pewnych gorzej ,)   Najtwardsza jednak jak dla mnie jest przesiadka z iOS na Androida, nigdy nie miałem tel z Androidem, to mój pierwszy ,) Przestawiam się już 3 tyg. Widać światełko w tunelu, ale więcej eksperymentować nie będę i następny tel. będzie z iOS. Android mimo wielu przewag jak dla mnie to taki trochę autystyk ,) Jeżeli zastanawiasz się nad przesiadką z iOS na ""Andka"" to przemyśl to ,)"
Xiaomi_Mi9_0.700_P_41.txt;Xiaomi;Mi9;0.700;P;Za jakiś czas jak go poznam bliżej
Xiaomi_Mi9_0.800_P_42.txt;Xiaomi;Mi9;0.800;P;Witam. Telefon posiadam od tygodnia, jak na razie spisuje się świetnie. Aparat robi dobre zdjęcia. Działa bardzo szybko, bez zacięć, ekran amoled robi różnicę w porównaniu do ips. Jedną jego wadą jest dość krótkie trzymanie na baterii, jednak dzięki szybkiemu ładowaniu można szybko ją uzupełnić.
Xiaomi_Mi9_0.800_P_43.txt;Xiaomi;Mi9;0.800;P;Wszystko super i ekran i aparat i GPS i prędkość wszystko tylko nie bateria. Ciekawe kiedy spuchnie jak trzeba ładować codziennie a czasem dwa razy. Ale tak to git.
Xiaomi_Mi9_1.000_P_44.txt;Xiaomi;Mi9;1.000;P;Telefon świetny, rozmiar odpowiedni, nie jest za duży ani za mały, kolor niebieski bardzo oryginalny, jedyny minus to na telefonie pozostają widoczne odciski ale to może skłaniać do częstego polerowania , ).   Wersja global działa bezproblemowo. Polecam, to mój drugi smartphone marki xiaomi, poprzedni służył mi trzy lata mam nadzieję, że i ten będzie również niezawodną jednostką.
Xiaomi_Mi9_1.000_P_45.txt;Xiaomi;Mi9;1.000;P;"Prawdopodobnie najlepszy smartfon w tej cenie. Nieco duży, jednak zewnętrzne wymiary są niemal identyczne z OnePlus'em 3T. 48Mpix aparat robi bardzo wyraźne zdjęcia, jednak brak optycznej stabilizacji widoczny jest przy zdjęciach robionych ""na szybko"". Ogólna ocena na 5* za stosunek cena/możliwości i w odniesieniu do konkurencji."
Xiaomi_Mi9_1.000_P_46.txt;Xiaomi;Mi9;1.000;P;Telefon działa błyskawicznie, zero przycinek. Ekran rewelacyjny ,dobre kolory choć pod światło widać że czerń ekranu nie jest taka jak kolor ramki co w słoneczne dni może kogoś denerwować. Jedyna wada to bateria, jeżeli chodzi o czas pracy to spokojnie jeden dzień przy zwykłym użytkowaniu ale przy intensywnym to koło 5h
Xiaomi_Mi9_1.000_P_47.txt;Xiaomi;Mi9;1.000;P;Myślę, że w tej cenie nie znajdziemy tak dobrego telefonu jak Xiaomi Mi9, telefon sprawuje się mega, dobre zdjęcia, super filmiki, dobrze nagrywany dźwięk, jedynym minusem może być słaba jakość nagrań i zdjęć w nocy, ale jednak większość jest wykonywana w dzień, a jak w nocy to przy dobrym świetle więc nie ma się co obawiać.
Xiaomi_Mi9_1.000_P_48.txt;Xiaomi;Mi9;1.000;P;Telefon świetny, za 1899zl nie ma konkurencji. Szybkość działania na poziomie One Plusa, więc topowo. Bateria mininum 6h na właczonym ekranie, ładowanie turbo szybkie, z rana przed pracą bez problemu dobija do 100%. Aparat to miłe zaskoczenie jeśli chodzi o Xiaomi, foty na poziomie S9, więc jest bardzo dobrze. Czytnik linii papilarnych dostał aktualizację i działa jak wcześniejsze montowane na pleckach - czyli bardzo dobrze (milion razy lepiej niż w s7 czy s8). W tej cenie nie ma sensu zastanawiać się nad czymś innym.
Xiaomi_Mi9_0.900_P_49.txt;Xiaomi;Mi9;0.900;P;Wygląd ok, szybkość również, aparat robi świetne zdjęcia jedną z wad jest bateria. Jednakże jak dla kogo, ja przesiadłam się z większej pojemności i ciężko mi się odnaleźć. Brak motywów również mi nie odpowiada. Może aktualizacja systemu coś zmieni. Tak czy inaczej telefon w tej cenie na plus
Xiaomi_Mi9_1.000_P_50.txt;Xiaomi;Mi9;1.000;P;Telefon pięknie się prezentuje, świetnie pracuje. Bardzo szybkie ładowanie do pełnej baterii. Fajna sprawa, że w opakowaniu jest dołączone etui. Jestem zadowolona z zakupu. Polecam, za te pieniądze WARTO, szkoda przepłacać za telefon z logiem i nnych firm z takimi samymi parametrami
Xiaomi_Mi9_1.000_P_51.txt;Xiaomi;Mi9;1.000;P;Telefon kupiłam synowi pod choinkę. Zamawiając nocą w piątek, nie byłam pewna czy dotrze na czas. A tu taka niespodzianka - w poniedziałek rano zadzwonił kurier i po pracy odebrałam przesyłkę 😀 Brawo dla sprzedawcy i kuriera. Tak powinno się kupować wszędzie 👍Polecam w 101%
Xiaomi_Mi9_1.000_P_52.txt;Xiaomi;Mi9;1.000;P;"Używam go od miesiąca i właściwie nie mam się do czego przyczepić. To świetny smartfon pod każdym względem. Jedyne (drobne) słabości: nieco gorszy ekran od Samsunga S8, nakładka MIUI trzymająca ikony wszystkich aplikacji na pulpicie (trzeba się przyzwyczaić, chyba że ktoś przesiada się z LG), aplikacja od Xiaomi przymusowo ""skanująca"" każdą nowo instalowaną aplikację (jakby nie było Play Protect od Google), przejściówka USB-C/jack w której nie działają niektóre zestawy słuchawkowe (np. świetne AKG od Samsunga), brak wsparcia dla Google Daydream. Ale to są naprawdę drobiazgi. Bardzo polecam ten smartfon."
Xiaomi_Mi9_1.000_P_53.txt;Xiaomi;Mi9;1.000;P;Telefon mam od 3 prawie tygodnia. I muszę powiedzieć że jestem zadowolony. Telefon nie zaciął się ani razu. Wszystko w nim działa płynnie i bez zarzutu. Smartphone wygląda bardzo ładnie. Aparat robi bardzo dobre zdjęcia za dnia. Ekran sprawuje się świetnie. Jasność ekranu za dnia widać wszystko.
Xiaomi_Mi9_1.000_P_54.txt;Xiaomi;Mi9;1.000;P;Najlepszy w stosunku ceny do jakości. Ma swoje wady (w moim odczuciu największą jest bateria - mocniej obciążona, np podczas grania, nie wytrzymuje szczególnie długo), ale cała reszta działa świetnie i nie ma się do czego przyczepić
Xiaomi_Mi9_1.000_P_55.txt;Xiaomi;Mi9;1.000;P;Świetny telefon, najlepszy w stosunku jakości do ceny w tej półce cenowej. Bardzo dobre zdjęcia, świetny wyświetlacz, długi czas działania na baterii oraz niesamowicie szybkie ładowanie (od 0% do 100% w około 75 minut). Tak dobry flagowiec, za tak niską cenę to skarb.
Xiaomi_Mi9_0.900_P_56.txt;Xiaomi;Mi9;0.900;P;Aparat telefoniczny za tą kwotę jak najbardziej polecany. Nie jest to Samsung którego zawsze używałem , ale jak najbardziej mogę powiedzieć , że jestem z nowego nabytku zadowolony. Zobaczymy co będzie w trakcie użytkowania.
Xiaomi_Mi9_1.000_P_57.txt;Xiaomi;Mi9;1.000;P;Po kilku dniach używania, stwierdzam że telefon xiaomi mi 9 zdecydowanie spełnia moje oczekiwania. Przede wszystkim szybkość i wydajność pracy. Bardzo dobra jakość wykonania. Szybkie ładowanie baterii. Polecam.
Xiaomi_Mi9_1.000_P_58.txt;Xiaomi;Mi9;1.000;P;Jestem bardzo zadowolona, Duży, jasny i szczegółowy wyświetlacz AMOLED z HDR10, robi robotę, Super że posiada małe ramki, łezkę i zaokrąglony ekran jak i tył. Znakomita cena do możliwości, bardzo szybkie działanie systemu Android 9, wysoka wydajność i dużo pamięci,  Odblokowywanie twarzą bardzo szybkie i czytnik linii papilarnych w ekranie jest spoko ale nie powala. Telefon jest szybki i płynny, zdjęcia są naprawdę dobre, tryb pro jak ktoś ogarnia zrobi świetne zdjęcia. Stabilizacja wideo jest przeciętna ale filmy są płynne. Posiada mało pojemną baterię ale za to szybko się ładuję. Brak wodoszczelności. Mimo wad posiada dużo plusów, więc daje 5 gwiazdek.
Xiaomi_Mi9_0.800_P_59.txt;Xiaomi;Mi9;0.800;P;Telefon w swojej cenie bezkonkurencyjny pod kątem wydajności, bardzo dobry ekran nadający się do oglądania filmów przy wysokim komforcie. Z istotnych cech których brak odczuwam to IP68. Jednak za te cenę trzeba było pójść na jakieś kompromisy.
Xiaomi_Mi9_1.000_P_60.txt;Xiaomi;Mi9;1.000;P;Telefon jest po prostu świetny nie można mieć niczego więcej w podobnej cenie o podobnych parametrach co prawda ma minimalne nie dociągnięcia ale na bieżąco nad nimi pracują i im to wychodzi
Xiaomi_Mi9_1.000_P_61.txt;Xiaomi;Mi9;1.000;P;Z zakupu w tej chwili jestem zadowolony, chociaż efektu wow u mnie osobiście nie było, ale cały czas mam wrażenie że ekran jest ogromny, a sam telefon ładny i dobrze wykonany.  Pewne szczegóły zauważone w trakcie korzystania: niezbyt precyzyjny czytnik linii papilarnych, kamera trochę wystaje z-pod dołączonego w zestawie etui, wyłączenie GPS ukryte głęboko w ustawieniach (na wierzchu jest tylko Dual GPS), wbudowane aplikacje pogoda i wideo żądają dostępu do robienia Call'ów, po uruchomieniu nowego urządzenia Android ciągnął 30-35% RAM, a teraz z zainstalowanymi aplikacjami jest ok 50% (w Huawei P9 miałem tylko 3GB RAM i ten sam zestaw aplikacji jakoś tak mocno nie obciążał system). Ogólnie bardzo ładny i wydajny telefon, szczególnie w tej cenie.
Xiaomi_Mi9_1.000_P_62.txt;Xiaomi;Mi9;1.000;P;Szeroki kąt w aparacie to fajna sprawa. Ułatwia fotografowanie krajobrazów. Przełączanie się między obiektywami jest intuicyjne. Tryb profesjonalny lepszy byłby jakby miał więcej parametrów
Xiaomi_Mi9_1.000_P_63.txt;Xiaomi;Mi9;1.000;P;Bardzo dobry telefon - w dobrej cenie (przy takiej specyfikacji). Wszystko działa bez zarzuty, bateria trzyma o dziwo dwa dni a straszono że taka słaba... Robi super zdjęcia, szybko działa, nie ma żadnych zarzutów :)
Xiaomi_Mi9_0.900_P_64.txt;Xiaomi;Mi9;0.900;P;Co tu dużo mówić - w swojej półce cenowej nie ma konkurencji. Flagowa specyfikacja za cenę średniaka, mówi sama za siebie. Wysoka wydajność i nienaganna płynność działania - te słowa świetnie opisują Mi 9. Aparat z 3 obiektywami daje duże możliwości, a zastosowanie podwójnego modułu GPS zapewnia szybki i stabilny namiar. Czy można się do czegoś przyczepić? Może ktoś drobiazgowy powiedziałby, że bateria mogła by dłużej trzymać - SOT rzędu 5-6h to nic nadzwyczajnego, ot rynkowy standard. Można by się czepiać, że moduł aparatu nieco zbyt wystaje. No ale to by była zwykła złośliwość, patrząc na cenę tego telefonu. A nawet przemilczając ten aspekt, i zestawiając Mi9 z najwyższą półką, trzeba przyznać - to mimo wszystko flagowiec z prawdziwego zdarzenia.
Xiaomi_Mi9_1.000_P_65.txt;Xiaomi;Mi9;1.000;P;Hardo zapierałem się przed kupnem telefonu z Chin (szpiegostwo etc.), ale... ceny Samsunga są z kosmosu, ceny Sony jeszcze bardziej w stosunku do ich (nieciekawej) oferty, LG i Motorola zawiodły mnie jakością telefonów jakich używałem, nie byłem w stanie się wypieniezyc na iphone'a, no i chinole zaczęły kusić. No i się nie zawiodlem. Po miesiącu używania nadal sama przyjemność. Wysoka jakość i kompletny zestaw funkcjonalności. Jak ktoś ma obawy przed chinolem albo się sparzył w przeszłości to polecam zreewaluować swoją ocenę. Dołączam do teamu #xiaomilepsze.
Xiaomi_Mi9_1.000_P_66.txt;Xiaomi;Mi9;1.000;P;Telefon jest naprawde świetny. Po przesiadce z Remi 4x widac różnicę, bateria trzyma przy intensywnej pracy do 2 dni. Ekran Amoled i świetny aparat  daje jeszcze wiecej satysfakcji i zadowolenia z telefonu. Polecam
Xiaomi_Mi9_1.000_P_67.txt;Xiaomi;Mi9;1.000;P;Sprzęt bardzo dobry, posiadam go tydzień ale to wystarczyło żeby sprawdzić jego możliwości. Spełnia moje oczekiwania w 99%, nieco większa bateria i byłby idealny.
Xiaomi_Mi9_1.000_P_68.txt;Xiaomi;Mi9;1.000;P;Używam telefony xiaomi od dłuższego czasu. Świetna wydajność i możliwości w niewielkiej cenie. Xiaomi mi 9 ma to wszystko i w dodatku jest bardzo ładny.
Xiaomi_Mi9_1.000_P_69.txt;Xiaomi;Mi9;1.000;P;po 2 miesiącach użytkowania wszystko ok. działa płynnie, nie zawiesza się. jedyny minus to szybko wyczerpująca się bateria przy jasnym ekranie. ale równie szybko się ładuje więc da się przeżyć.
Xiaomi_Mi9_1.000_P_70.txt;Xiaomi;Mi9;1.000;P;Super telefon! Nie do pobicia w tej kategorii cenowej. Bardzo dobre parametry i niezwykle wygodna obsługa. A do tego jest po prostu piękny.
Xiaomi_Mi9_1.000_P_71.txt;Xiaomi;Mi9;1.000;P;Telefon szybki, jedyna wada to kiepski głośnik, podczas rozmow nienaturalnie słychać rozmówcę,  trochę za cicho, ale można się przyzwyczaić.
Xiaomi_Mi9_0.900_P_72.txt;Xiaomi;Mi9;0.900;P;Mega fajny telefon. Przesiadka z Xiaomi Redmi Note 4X. Bardzo dobrze leży w dłoni, jest cienki. Ładne zdjęcia (chyba najlepsze ze wszystkich telefonów Xiaomi). Nie ma lepszego telefonu na rynku w tej cenie. Chodzi płynnie, duży kontrast wyświetlacza, dobrze działa ze słuchawkami bezprzewodowymi (duża głośność + funkcja voice enhancement), ładowanie bezprzewodowe, szybkie ładowanie (od 0% max 1h), NFC. Aparat: 4 opcje robienia zdjęć - szeroki kąt, bardzo szeroki kąt, teleobiektyw (czyli zoom 2x), opcja 48Mpix (ale zdjęcia wychodzą dobrze tylko w dobrym świetle), tryb nocny, manualny, slow motion. Sporo ustawień w selfie aparacie - AI, filtry koloru, upiększanie, HDR, a w opcji Portret można nawet zmieniać głębię ostrości na selfie kamerze. Producent dorzuca opakowanie silikonowe, które niestety nie chroni aparatu. Trzeba kupić inne etui lub dokupić szybkę na aparat. Odejmuję pół gwiazdki za baterię. Po całym dniu zostaje jakieś 30% przy oszczędnym użytkowaniu.
Xiaomi_Mi9_1.000_P_73.txt;Xiaomi;Mi9;1.000;P;Mam go dopiero 2 dni, tak że trudno mi wyrazić swoją opinię o tym telefonie. Wygląda super, w komplecie jest etui. Fajny aparat do selfie :)
Xiaomi_Mi9_0.900_P_74.txt;Xiaomi;Mi9;0.900;P;Bardzo dobry telefon w swojej cenie. Na dzien dzisiejszy nie ma na rynku nic lepszego wg mnie jesli chodzi o stosunek cena/jakość
Xiaomi_Mi9_1.000_P_75.txt;Xiaomi;Mi9;1.000;P;Jak na razie brak widocznych problemów. Aparat sprawnie działający. Szybko działające aplikacje bez widocznych zacięć. Czas baterii ponad 1 dzień, szybkie ładowanie.
Xiaomi_Mi9_1.000_P_76.txt;Xiaomi;Mi9;1.000;P;telefon spełnia moje wymagania, działa szybko, obraz bardzo dobrej jakości, dokładne zdjęcia, dobrze leży w dłoni, przydatne NFC, duża pamięć. Ciekawy i ładny design.
Xiaomi_Mi9_1.000_P_77.txt;Xiaomi;Mi9;1.000;P;Rewelacja pod każdym względem. Jedyny minusik, że nie posiada gniazda na karte rozszerzenia pamięci o kolejne 128GB
Xiaomi_Mi9_1.000_P_78.txt;Xiaomi;Mi9;1.000;P;Bardzo dobry produkt. Jedyny mankament to logowanie na pdst linii papailarnych - nie zawsze łapie od razu.
Xiaomi_Mi9_1.000_P_79.txt;Xiaomi;Mi9;1.000;P;Telefon jest świetny. Genialny wyświetlacz i aparat. Beteria jak na te parametry trzyma bardzo dobrze.
Xiaomi_Mi9_1.000_P_80.txt;Xiaomi;Mi9;1.000;P;Bardzo dobry telefon. Stosunek jakości do ceny idealny. Dobrze działający czytnik linii papilarnych.
Xiaomi_Mi9_0.800_P_81.txt;Xiaomi;Mi9;0.800;P;Po siadam telefon od miesiąca wygląd jak i funkcjonalność jest ok ale bateria zbyt słaba ,brak stabilizacji obrazu zdjęcia w ruchu praktrycznie naruszone , zamazane i rozmyte bardzo dużo szumów.  Xperia XZ robi o niebo lepsze zdjęcia.Co mnie jeszcze bardzo zdziwiło to po połączeniu bezprzewodowych słuchawek pionieera brak możliwości ustawienia korekcji dźwięku lub co kolwiek związane z nim ,ale po podłączeniu słuchawek dokanałowych przez przejściówkę na mini jack  te ustawienia są dostępne może poprawia to w oprogramowaniu, co mnie jeszcze denerwuje to ten Momo głośnik jest w takim miejscu gdzie jest zakrywany przez mały palec a gdy tel musimy w kieszeni zawsze jest zakryty i nie ma go słychać po przypadkowym zakryciu głośnika telefon jest nieslyszalny .Podsumowując  telefon udany ale kilka mankamentów w tej cenie powinno być poprawione najważniejsze to bateria  głośnik stereo oraz stabilizacja obrazu to jest na bardzo miernym poziomie .
Xiaomi_Mi9_1.000_P_82.txt;Xiaomi;Mi9;1.000;P;Bardzo dobry smartfon, aparat robi naprawdę dobre zdjęcia zorza w trybie nocnym porostu rewelacja..
Xiaomi_Mi9_1.000_P_83.txt;Xiaomi;Mi9;1.000;P;Cieniutki, aparat z tyłu mocno wystaje, ślizgi i jak dla mnie koniecznie jakiś pokrowiec aby nie wyleciał z rąk. Technicznie wszystko szybko działa
Xiaomi_Mi9_1.000_P_84.txt;Xiaomi;Mi9;1.000;P;Jak dla mnie produkt spełnia moje oczekiwania, gdy by posiadał stabilizację obrazu w aparacie i pojemniejszą baterię ocena wzrosła by do 10/5.
Xiaomi_Mi9_1.000_P_85.txt;Xiaomi;Mi9;1.000;P;świetny telefon, bateria pracuje zadawalająco długo jak na tą pojemność i szybko się ładuje
Xiaomi_Mi9_1.000_P_86.txt;Xiaomi;Mi9;1.000;P;Świetny design, aparat nie zawodzi, bateria trzyma około pół dnia ( przy ciągłym oglądaniu filmików na youtube) także sporo, polecam każdemu
Xiaomi_Mi9_1.000_P_87.txt;Xiaomi;Mi9;1.000;P;Telefon jak najbardziej prosty w obsłudze. Wszystko działa jak należy. Jestem zadowolona.
Xiaomi_Mi9_1.000_P_88.txt;Xiaomi;Mi9;1.000;P;Dobrze wykonany,dobry wyświetlacz, szybko działa.Niezły aparat. Bateria średnia ale jest ładowanie indukcyjne. Za ok 1700zł-dobry wybór
Xiaomi_Mi9_0.900_P_89.txt;Xiaomi;Mi9;0.900;P;Pierwszy raz uzytkuę telefon tej marki i powiem że jestem z niego zadowolona.Szybkie ładowanie przejrzysty ekram , śmiga super. Polecam
Xiaomi_Mi9_1.000_P_90.txt;Xiaomi;Mi9;1.000;P;Telefon świetny jedynie bateria mogła by być o większej pojemności a tak to 10/10
Xiaomi_Mi9_1.000_P_91.txt;Xiaomi;Mi9;1.000;P;Mam go dwa dni ale jestem bardzo zadowolony. Działa błyskawicznie a aparat foto jest rewelacyjny. Naprawdę polecam za tą cenę.
Xiaomi_Mi9_1.000_P_92.txt;Xiaomi;Mi9;1.000;P;Na minus mocno odstający aparat i brak gniazda minijack reszta na flagowym poziomie W tej klasie cenowej zdecydowany faworyt
Xiaomi_Mi9_1.000_P_93.txt;Xiaomi;Mi9;1.000;P;Mój drugi Xiaomi. Zdecydowanie polecam modele Mi, flagowce tego producenta
Xiaomi_Mi9_1.000_P_94.txt;Xiaomi;Mi9;1.000;P;Telefon jak najbardziej spełnił moje oczekiwania. Bateria trzyma koło jednego dnia. Telefon działa bardzo szybko. Polecam.
Xiaomi_Mi9_1.000_P_95.txt;Xiaomi;Mi9;1.000;P;Poki co bez zarzutu. bardzo dobra jakosc wykonania, dziala bardzo szybko. Stosunek wartosci do ceny najlepszy na rynku
Xiaomi_Mi9_0.800_P_96.txt;Xiaomi;Mi9;0.800;P;bateria to tragedia , wszystko reszte jest zgodne z oczekiwaniami,
Xiaomi_Mi9_1.000_P_97.txt;Xiaomi;Mi9;1.000;P;Nakładka miui 10 nie jest tak dobra, jak ją opisują. Samo urządzenie bez zastrzeżeń. Warte swojej ceny.
Xiaomi_Mi9_1.000_P_98.txt;Xiaomi;Mi9;1.000;P;Bardzo dobry telefon jak za taką cenę czyli ~ 2k.
Xiaomi_Mi9_1.000_P_99.txt;Xiaomi;Mi9;1.000;P;Spełnia oczekiwania, bardzo dobry stosunek jakości do ceny.
Xiaomi_Mi9_1.000_P_100.txt;Xiaomi;Mi9;1.000;P;Polecam bardzo szybki telefon, za taką cenę trudno znaleźć lepszy
